{"vertices":[-1,0,0,-1,1,0,-1,-1,0,-1,0,1,-1,0,-1,-0.9,0,0,-0.9,1,0,-0.9,-1,0,-0.9,0,1,-0.9,0,-1,-0.8,0,0,-0.8,1,0,-0.8,-1,0,-0.8,0,1,-0.8,0,-1,-0.7,0,0,-0.7,1,0,-0.7,-1,0,-0.7,0,1,-0.7,0,-1,-0.6,0,0,-0.6,1,0,-0.6,-1,0,-0.6,0,1,-0.6,0,-1,-0.5,0,0,-0.5,1,0,-0.5,-1,0,-0.5,0,1,-0.5,0,-1,-0.4,0,0,-0.4,1,0,-0.4,-1,0,-0.4,0,1,-0.4,0,-1,-0.30000000000000004,0,0,-0.30000000000000004,1,0,-0.30000000000000004,-1,0,-0.30000000000000004,0,1,-0.30000000000000004,0,-1,-0.19999999999999996,0,0,-0.19999999999999996,1,0,-0.19999999999999996,-1,0,-0.19999999999999996,0,1,-0.19999999999999996,0,-1,-0.09999999999999998,0,0,-0.09999999999999998,1,0,-0.09999999999999998,-1,0,-0.09999999999999998,0,1,-0.09999999999999998,0,-1,0,0,0,0.10000000000000009,0,0,0.10000000000000009,1,0,0.10000000000000009,-1,0,0.10000000000000009,0,1,0.10000000000000009,0,-1,0.19999999999999996,0,0,0.19999999999999996,1,0,0.19999999999999996,-1,0,0.19999999999999996,0,1,0.19999999999999996,0,-1,0.30000000000000004,0,0,0.30000000000000004,1,0,0.30000000000000004,-1,0,0.30000000000000004,0,1,0.30000000000000004,0,-1,0.3999999999999999,0,0,0.3999999999999999,1,0,0.3999999999999999,-1,0,0.3999999999999999,0,1,0.3999999999999999,0,-1,0.5,0,0,0.5,1,0,0.5,-1,0,0.5,0,1,0.5,0,-1,0.6000000000000001,0,0,0.6000000000000001,1,0,0.6000000000000001,-1,0,0.6000000000000001,0,1,0.6000000000000001,0,-1,0.7,0,0,0.7,1,0,0.7,-1,0,0.7,0,1,0.7,0,-1,0.8,0,0,0.8,1,0,0.8,-1,0,0.8,0,1,0.8,0,-1,0.8999999999999999,0,0,0.8999999999999999,1,0,0.8999999999999999,-1,0,0.8999999999999999,0,1,0.8999999999999999,0,-1,1,0,0,1,1,0,1,-1,0,1,0,1,1,0,-1],"indices":[0,5,1,2,3,4,5,10,6,7,8,9,10,15,11,12,13,14,15,20,16,17,18,19,20,25,21,22,23,24,25,30,26,27,28,29,30,35,31,32,33,34,35,40,36,37,38,39,40,45,41,42,43,44,45,50,46,47,48,49,50,51,51,56,52,53,54,55,56,61,57,58,59,60,61,66,62,63,64,65,66,71,67,68,69,70,71,76,72,73,74,75,76,81,77,78,79,80,81,86,82,83,84,85,86,91,87,88,89,90,91,96,92,93,94,95,97,98,99,100]}